key,模块,使用场景,中文初稿,参数,最大推荐行数,是否安全说明,待人工确认,备注
body.state.steady.title,M1 身体线索,state,身体指标处于参考范围,,3,否,是,稳定 key 不随中文修改；工程默认，非医学结论
body.state.steady.short,M1 身体线索,state,参考范围内,,3,否,是,稳定 key 不随中文修改；工程默认，非医学结论
body.state.steady.summary,M1 身体线索,state,已有身体指标接近平常，今天按自己的节奏来。,,3,否,是,稳定 key 不随中文修改；工程默认，非医学结论
body.state.steady.evidence,M1 身体线索,state,至少两类可靠近期线索，其中包含心血管指标,,3,是,是,稳定 key 不随中文修改；工程默认，非医学结论
body.state.watch.title,M1 身体线索,state,有一项指标值得留意,,3,否,是,稳定 key 不随中文修改；工程默认，非医学结论
body.state.watch.short,M1 身体线索,state,轻度留意,,3,否,是,稳定 key 不随中文修改；工程默认，非医学结论
body.state.watch.summary,M1 身体线索,state,有一项身体指标偏离参考，留意今天的恢复和自己的感受。,,3,否,是,稳定 key 不随中文修改；工程默认，非医学结论
body.state.watch.evidence,M1 身体线索,state,一项可靠指标偏离参考，尚不等于整体负荷偏高,,3,是,是,稳定 key 不随中文修改；工程默认，非医学结论
body.state.elevated.title,M1 身体线索,state,今日身体负荷偏高,,3,否,是,稳定 key 不随中文修改；工程默认，非医学结论
body.state.elevated.short,M1 身体线索,state,偏高,,3,否,是,稳定 key 不随中文修改；工程默认，非医学结论
body.state.elevated.summary,M1 身体线索,state,多项身体指标偏离参考，先给自己留一点缓冲。,,3,否,是,稳定 key 不随中文修改；工程默认，非医学结论
body.state.elevated.evidence,M1 身体线索,state,至少两类可靠指标偏离个人参考，不代表心理压力诊断,,3,是,是,稳定 key 不随中文修改；工程默认，非医学结论
body.state.limited.title,M1 身体线索,state,目前只有有限的身体线索,,3,否,是,稳定 key 不随中文修改；工程默认，非医学结论
body.state.limited.short,M1 身体线索,state,有限线索,,3,否,是,稳定 key 不随中文修改；工程默认，非医学结论
body.state.limited.summary,M1 身体线索,state,还不够判断整体状态。你可以先休息，或做一次呼吸。,,3,否,是,稳定 key 不随中文修改；工程默认，非医学结论
body.state.limited.evidence,M1 身体线索,state,单一指标或尚不可靠的资料，不用于判断整体平稳,,3,是,是,稳定 key 不随中文修改；工程默认，非医学结论
body.state.insufficient.title,M1 身体线索,state,还需要一点身体线索,,3,否,是,稳定 key 不随中文修改；工程默认，非医学结论
body.state.insufficient.short,M1 身体线索,state,数据不足,,3,否,是,稳定 key 不随中文修改；工程默认，非医学结论
body.state.insufficient.summary,M1 身体线索,state,暂时没有可用的近期线索。已有历史记录，也不能代表现在。,,3,否,是,稳定 key 不随中文修改；工程默认，非医学结论
body.state.insufficient.evidence,M1 身体线索,state,数据不足时，不把未知当作平稳,,3,是,是,稳定 key 不随中文修改；工程默认，非医学结论
body.baseline.summary,M1 身体线索,baseline,已有近期读数，个人基线积累了 %ld/5 天；暂不判断整体状态。,%ld=有效基线天数,3,否,是,稳定 key 不随中文修改；工程默认，非医学结论
body.workout.summary,M1 身体线索,workout,近期运动可能影响这些指标。先给身体一点恢复时间，今天仍可按感受调整。,,3,是,是,稳定 key 不随中文修改；工程默认，非医学结论
body.workout.evidence,M1 身体线索,workout,运动保护窗口内有指标偏离，本次不将它们解释为正常,,3,是,是,稳定 key 不随中文修改；工程默认，非医学结论
body.workout.detail,M1 身体线索,workout,近期有至少 45 分钟训练，处于旧判断的 18 小时保护窗口。心血管偏离可能受运动影响，仍在上方保留；保护窗口不代表各项指标正常。,,6,是,是,稳定 key 不随中文修改；工程默认，非医学结论
body.time.measured,M1 身体线索,time,最近测量 · %@,%@=对应测量/查询/计算/判断样本的日期和时间；由系统日期格式化,3,否,是,稳定 key 不随中文修改；工程默认，非医学结论
body.time.noMeasurement,M1 身体线索,time,尚无可展示的测量记录,,3,否,是,稳定 key 不随中文修改；工程默认，非医学结论
body.time.fetched,M1 身体线索,time,本次查询 · %@,%@=对应测量/查询/计算/判断样本的日期和时间；由系统日期格式化,3,否,是,稳定 key 不随中文修改；工程默认，非医学结论
body.time.computed,M1 身体线索,time,本次计算 · %@,%@=对应测量/查询/计算/判断样本的日期和时间；由系统日期格式化,3,否,是,稳定 key 不随中文修改；工程默认，非医学结论
body.time.explanation,M1 身体线索,time,查询和计算时间不代表新测量。每项线索的测量日期见下方。,,3,是,是,稳定 key 不随中文修改；工程默认，非医学结论
body.time.assessmentLatest,M1 身体线索,time, · 判断所用最新样本 %@,%@=对应测量/查询/计算/判断样本的日期和时间；由系统日期格式化,3,否,是,稳定 key 不随中文修改；工程默认，非医学结论
body.sleep.title,M1 身体线索,sleep,最近主睡眠,,3,否,是,稳定 key 不随中文修改；工程默认，非医学结论
body.sleep.value,M1 身体线索,sleep,"%@ 结束
%@",第1个 %@=主睡眠结束日期时间；第2个 %@=实际睡眠时长,3,否,是,稳定 key 不随中文修改；工程默认，非医学结论
body.metric.hrv,M1 身体线索,metric,心率变异性,,3,否,是,稳定 key 不随中文修改；工程默认，非医学结论
body.metric.rhr,M1 身体线索,metric,静息心率,,3,否,是,稳定 key 不随中文修改；工程默认，非医学结论
body.metric.unavailable,M1 身体线索,metric,暂无可用数据,,3,是,是,稳定 key 不随中文修改；工程默认，非医学结论
body.source.stale,M1 身体线索,source,超过 36 小时 · 不参与当前判断,,3,否,是,稳定 key 不随中文修改；工程默认，非医学结论
body.source.detail,M1 身体线索,source,%@ · 测量于 %@%@%@ · %@,依次：%@ 来源名；%@ 测量日期时间；%@ 聚合读数说明；%@ 聚合最新样本时间；%@ 可靠性说明,3,否,是,稳定 key 不随中文修改；工程默认，非医学结论
body.query.unavailable,M1 身体线索,query,部分身体线索未能读取。本次判断只使用成功读取的资料，无法据此判断是否已授权。,,3,是,是,稳定 key 不随中文修改；工程默认，非医学结论
body.history.legacy,M1 身体线索,history,旧版记录 · 保留当时的判断口径，不作为新准备度样本,,3,是,是,稳定 key 不随中文修改；工程默认，非医学结论
body.history.unknownLegend,M1 历史,图例,浅色短线：线索有限 / 数据不足 / 未记录,,2,否,是,M3 将取消不同柱高的量值暗示
practice.finish.action,M3-PRE,提前结束确认,结束练习,,1,否,是,标识 practice.finish.confirm；只结束，保存另行确认
practice.finish.message,M3-PRE,提前结束说明,今天到这里，也很好。结束后可保留已完成的时长。,,3,是,是,不声称已经保存，不要求主观评价
diary.storage.readFailure,M3,diary,本机记录暂时无法读取，原始数据已保留。,格式化参数见字符串,3,否,是,初稿待人工确认
diary.storage.writeFailure,M3,diary,记录未能保存，未确认的修改没有写入。请重试。,格式化参数见字符串,3,否,是,初稿待人工确认
diary.manage,M3,diary,补记或编辑,格式化参数见字符串,3,否,是,初稿待人工确认
diary.time,M3,diary,饮用时间,格式化参数见字符串,3,否,是,初稿待人工确认
diary.volume,M3,diary,容量（ml）,格式化参数见字符串,3,否,是,初稿待人工确认
diary.add,M3,diary,补记一杯,格式化参数见字符串,3,否,是,初稿待人工确认
diary.save,M3,diary,保存修改,格式化参数见字符串,3,否,是,初稿待人工确认
diary.records,M3,diary,饮品记录,格式化参数见字符串,3,否,是,初稿待人工确认
diary.estimate,M3,diary,按杯估算；未知糖量保持未知。调整杯量不会改动其他历史。,格式化参数见字符串,3,否,是,初稿待人工确认
diary.range,M3,diary,可补记今天及前 6 天；饮用时间与录入时间分开保存。,格式化参数见字符串,3,否,是,初稿待人工确认
diary.retry,M3,diary,重新读取并重试,格式化参数见字符串,3,否,是,初稿待人工确认
diary.unknownAlcohol,M3,diary,部分酒精量未知,格式化参数见字符串,3,否,是,初稿待人工确认
diary.done,M3,diary,完成,格式化参数见字符串,3,否,是,初稿待人工确认
diary.kind,M3,diary,饮品种类,格式化参数见字符串,3,否,是,初稿待人工确认
diary.undo,M3,diary,撤销上一笔,格式化参数见字符串,3,否,是,初稿待人工确认
diary.entry,M3,diary,%@ · 约 %d ml,格式化参数见字符串,3,否,是,初稿待人工确认
readiness.state.assessable,M3,readiness,资料充分,格式化参数见字符串,3,否,是,初稿待人工确认
readiness.state.provisional,M3,readiness,初步参考,格式化参数见字符串,3,否,是,初稿待人工确认
readiness.state.limited,M3,readiness,有限线索,格式化参数见字符串,3,否,是,初稿待人工确认
readiness.state.insufficient,M3,readiness,还没有足够资料,格式化参数见字符串,3,否,是,初稿待人工确认
readiness.state.awaitingData,M3,readiness,等待资料到齐,格式化参数见字符串,3,否,是,初稿待人工确认
readiness.state.failed,M3,readiness,暂时读取失败,格式化参数见字符串,3,否,是,初稿待人工确认
readiness.state.stopped,M3,readiness,已停止读取,格式化参数见字符串,3,否,是,初稿待人工确认
readiness.state.historical,M3,readiness,上一周期参考,格式化参数见字符串,3,否,是,初稿待人工确认
readiness.state.stale,M3,readiness,等待新的恢复资料,格式化参数见字符串,3,否,是,初稿待人工确认
readiness.level.usual,M3,readiness,恢复状态接近平常,格式化参数见字符串,3,否,是,初稿待人工确认
readiness.level.reduced,M3,readiness,今天可以放慢一点,格式化参数见字符串,3,否,是,初稿待人工确认
readiness.level.low,M3,readiness,今天多留一点休息,格式化参数见字符串,3,否,是,初稿待人工确认
readiness.summary.assessable,M3,readiness,结合主睡眠和个人体征基线，看看这一周期的身体恢复。,格式化参数见字符串,3,否,是,初稿待人工确认
readiness.summary.provisional,M3,readiness,已有初步资料；个人基线仍在积累。,格式化参数见字符串,3,否,是,初稿待人工确认
readiness.summary.limited,M3,readiness,部分线索已到齐，暂不作整体判断。,格式化参数见字符串,3,否,是,初稿待人工确认
readiness.summary.insufficient,M3,readiness,资料不够，也可以先做一次轻松的呼吸。,格式化参数见字符串,3,否,是,初稿待人工确认
readiness.summary.awaitingData,M3,readiness,睡眠刚结束，留一点时间让资料更新。,格式化参数见字符串,3,否,是,初稿待人工确认
readiness.summary.failed,M3,readiness,这次没能读到资料；稍后可以重新刷新。,格式化参数见字符串,3,否,是,初稿待人工确认
readiness.summary.stopped,M3,readiness,你可以随时在设置中重新启用读取。,格式化参数见字符串,3,否,是,初稿待人工确认
readiness.summary.historical,M3,readiness,这个结论属于上一有效时段，不代表此刻状态。,格式化参数见字符串,3,否,是,初稿待人工确认
readiness.summary.stale,M3,readiness,旧资料已过期，不继续沿用旧结论。,格式化参数见字符串,3,否,是,初稿待人工确认
readiness.boundary,M3,readiness,准备度是身体恢复参考，不等于心理压力诊断。首版工程阈值待校准。,格式化参数见字符串,3,否,是,初稿待人工确认
readiness.storageError,M3,readiness,本地评估档案暂不可用，原资料已保留。,格式化参数见字符串,3,否,是,初稿待人工确认
readiness.refreshError,M3,readiness,本次刷新未成功；已有资料保留原测量时间。,格式化参数见字符串,3,否,是,初稿待人工确认
readiness.evidence,M3,readiness,身体给的线索,格式化参数见字符串,3,否,是,初稿待人工确认
readiness.why,M3,readiness,为什么这样判断,格式化参数见字符串,3,否,是,初稿待人工确认
readiness.unknown,M3,readiness,未知,格式化参数见字符串,3,否,是,初稿待人工确认
readiness.metric,M3,readiness,%@：%@ %@ · 有效基线 %d 天,格式化参数见字符串,3,否,是,初稿待人工确认
readiness.metric.hrvSDNN,M3,readiness,HRV SDNN 夜间中位数,格式化参数见字符串,3,否,是,初稿待人工确认
readiness.metric.restingHeartRate,M3,readiness,静息心率,格式化参数见字符串,3,否,是,初稿待人工确认
readiness.metric.sleep,M3,readiness,睡眠来源,格式化参数见字符串,3,否,是,初稿待人工确认
readiness.sleepEnd,M3,readiness,主睡眠结束：%@,格式化参数见字符串,3,否,是,初稿待人工确认
readiness.measured,M3,readiness,证据测量：%@,格式化参数见字符串,3,否,是,初稿待人工确认
readiness.queried,M3,readiness,证据查询：%@,格式化参数见字符串,3,否,是,初稿待人工确认
readiness.computed,M3,readiness,计算完成：%@,格式化参数见字符串,3,否,是,初稿待人工确认
readiness.validUntil,M3,readiness,参考截止：%@,格式化参数见字符串,3,否,是,初稿待人工确认
readiness.attempt,M3,readiness,最近刷新尝试：%@,格式化参数见字符串,3,否,是,初稿待人工确认
readiness.success,M3,readiness,最近成功检查：%@,格式化参数见字符串,3,否,是,初稿待人工确认
readiness.identity,M3,readiness,评估及修订,格式化参数见字符串,3,否,是,初稿待人工确认
readiness.freshness.current,M3,readiness,当前恢复周期,格式化参数见字符串,3,否,是,初稿待人工确认
readiness.freshness.historical,M3,readiness,历史参考，不代表此刻,格式化参数见字符串,3,否,是,初稿待人工确认
readiness.freshness.stale,M3,readiness,已过有效时段,格式化参数见字符串,3,否,是,初稿待人工确认
readiness.settings,M3,readiness,恢复参考与来源,格式化参数见字符串,3,否,是,初稿待人工确认
readiness.range,M3,readiness,历史范围,格式化参数见字符串,3,否,是,初稿待人工确认
readiness.seven,M3,readiness,7 天,格式化参数见字符串,3,否,是,初稿待人工确认
readiness.twentyEight,M3,readiness,28 天,格式化参数见字符串,3,否,是,初稿待人工确认
readiness.history,M3,readiness,恢复与记录,格式化参数见字符串,3,否,是,初稿待人工确认
readiness.history.blank,M3,readiness,这一天没有已存的新评估。,格式化参数见字符串,3,否,是,初稿待人工确认
readiness.history.legacy,M3,readiness,旧口径记录 · 保留原文,格式化参数见字符串,3,否,是,初稿待人工确认
readiness.history.drinks,M3,readiness,已记液体 %d ml · 咖啡因约 %d mg,格式化参数见字符串,3,否,是,初稿待人工确认
readiness.refresh,M3,readiness,刷新资料,格式化参数见字符串,3,否,是,初稿待人工确认
readiness.enabled,M3,readiness,使用准备度参考,格式化参数见字符串,3,否,是,初稿待人工确认
readiness.target,M3,readiness,睡眠目标 %.1f 小时,格式化参数见字符串,3,否,是,初稿待人工确认
readiness.sources,M3,readiness,主来源,格式化参数见字符串,3,否,是,初稿待人工确认
readiness.mainSleep,M3,readiness,选择主睡眠,格式化参数见字符串,3,否,是,初稿待人工确认
readiness.stop,M3,readiness,停止读取,格式化参数见字符串,3,否,是,初稿待人工确认
readiness.resume,M3,readiness,重新启用读取,格式化参数见字符串,3,否,是,初稿待人工确认
readiness.clear,M3,readiness,清除本地准备度资料,格式化参数见字符串,3,否,是,初稿待人工确认
readiness.clearExplanation,M3,readiness,停止读取并清除本地准备度缓存与评估。保留饮品、练习和 Apple 健康中的原始记录。重新启用需要你的选择。,格式化参数见字符串,3,否,是,初稿待人工确认
readiness.reason.currentDataMissing,M3,readiness,当前体征缺失,格式化参数见字符串,3,否,是,初稿待人工确认
readiness.reason.sleepMissing,M3,readiness,缺少主睡眠,格式化参数见字符串,3,否,是,初稿待人工确认
readiness.reason.hrvMissing,M3,readiness,缺少 HRV,格式化参数见字符串,3,否,是,初稿待人工确认
readiness.reason.rhrMissing,M3,readiness,缺少静息心率,格式化参数见字符串,3,否,是,初稿待人工确认
readiness.reason.baselineBuilding,M3,readiness,个人基线仍在积累,格式化参数见字符串,3,否,是,初稿待人工确认
readiness.reason.sparseHRV,M3,readiness,HRV 样本较少,格式化参数见字符串,3,否,是,初稿待人工确认
readiness.reason.narrowHRVCoverage,M3,readiness,HRV 时间覆盖不足,格式化参数见字符串,3,否,是,初稿待人工确认
readiness.reason.invalidValue,M3,readiness,存在无效数值,格式化参数见字符串,3,否,是,初稿待人工确认
readiness.reason.extremeValue,M3,readiness,存在需复核数值,格式化参数见字符串,3,否,是,初稿待人工确认
readiness.reason.unitMismatch,M3,readiness,单位不匹配,格式化参数见字符串,3,否,是,初稿待人工确认
readiness.reason.sourceUnknown,M3,readiness,来源未知,格式化参数见字符串,3,否,是,初稿待人工确认
readiness.reason.sourceAmbiguous,M3,readiness,来源难以区分,格式化参数见字符串,3,否,是,初稿待人工确认
readiness.reason.sourceIdentityIncomplete,M3,readiness,来源设备标识不完整,格式化参数见字符串,3,否,是,初稿待人工确认
readiness.reason.manuallyEntered,M3,readiness,手工数据不参与体征判断,格式化参数见字符串,3,否,是,初稿待人工确认
readiness.reason.interventionExcluded,M3,readiness,练习影响时段已排除,格式化参数见字符串,3,否,是,初稿待人工确认
readiness.reason.restingSampleReused,M3,readiness,静息心率已用于上一周期,格式化参数见字符串,3,否,是,初稿待人工确认
readiness.reason.shortSleep,M3,readiness,睡眠片段较短,格式化参数见字符串,3,否,是,初稿待人工确认
readiness.reason.excessiveSleep,M3,readiness,睡眠时长需复核,格式化参数见字符串,3,否,是,初稿待人工确认
readiness.reason.futureSleep,M3,readiness,睡眠时间异常,格式化参数见字符串,3,否,是,初稿待人工确认
readiness.reason.conflictingSleep,M3,readiness,睡眠阶段冲突,格式化参数见字符串,3,否,是,初稿待人工确认
readiness.reason.ambiguousSleep,M3,readiness,主睡眠不明确,格式化参数见字符串,3,否,是,初稿待人工确认
readiness.reason.ambiguousRevision,M3,readiness,睡眠修订需复核,格式化参数见字符串,3,否,是,初稿待人工确认
readiness.reason.awaitingArrival,M3,readiness,等待数据到齐,格式化参数见字符串,3,否,是,初稿待人工确认
readiness.reason.manualSleepSelection,M3,readiness,使用你选择的主睡眠,格式化参数见字符串,3,否,是,初稿待人工确认
readiness.reason.hrvAtypicallyHigh,M3,readiness,HRV 异常偏高，暂不作整体判断,格式化参数见字符串,3,否,是,初稿待人工确认
readiness.reason.hrvBelowBaseline,M3,readiness,HRV 低于个人基线,格式化参数见字符串,3,否,是,初稿待人工确认
readiness.reason.rhrAboveBaseline,M3,readiness,静息心率高于个人基线,格式化参数见字符串,3,否,是,初稿待人工确认
readiness.reason.sleepBelowTarget,M3,readiness,睡眠少于个人目标,格式化参数见字符串,3,否,是,初稿待人工确认
readiness.reason.dataStale,M3,readiness,资料已过期,格式化参数见字符串,3,否,是,初稿待人工确认
readiness.reason.invalidConfiguration,M3,readiness,设置需复核,格式化参数见字符串,3,否,是,初稿待人工确认
readiness.reason.refreshFailed,M3,readiness,刷新未成功,格式化参数见字符串,3,否,是,初稿待人工确认
readiness.reason.sourceChanged,M3,readiness,来源已变更,格式化参数见字符串,3,否,是,初稿待人工确认
readiness.reason.sourceDeleted,M3,readiness,相关来源或数据已删除,格式化参数见字符串,3,否,是,初稿待人工确认
diary.alcoholUnknown,M3,diary,部分酒精量未知；汇总只包含已知估算量。,格式化参数见字符串,3,否,是,初稿待人工确认
